date,league,home,away,market,selection,line,odds_open,stake,result,pnl,equity,p_model,p_mkt
2025-04-14,I1,Napoli,Empoli,OU2.5,Over,2.5,1.95,1.494792142561347,WIN,1.4200525354332796,101.42005253543329,0.6948785301837538,0.5
2025-04-14,E0,Bournemouth,Fulham,1X2,A,,3.3,1.5593659597163736,LOSS,-1.5593659597163736,99.86068657571691,0.5709336400032043,0.28754298815437523
2025-04-14,SP1,Ath Madrid,Valladolid,AH,Home,-2.25,1.99,2.4735296012526975,WIN,2.4487943052401704,102.30948088095708,0.9954192087933986,
2025-04-16,E0,Newcastle,Crystal Palace,AH,Home,-0.75,1.92,1.286106824242896,WIN,1.1832182783034642,103.49269915926055,0.7617726928700215,
2025-04-18,SP1,Espanol,Getafe,OU2.5,Over,2.5,3.0,1.160052358075684,LOSS,-1.160052358075684,102.33264680118486,0.5201504337181196,0.3181818181818181
2025-04-19,E0,Brentford,Brighton,1X2,H,,2.4,3.206302764800213,WIN,4.488823870720298,106.82147067190516,0.8735939860343933,0.39176547697074426
2025-04-19,E0,Aston Villa,Newcastle,1X2,H,,2.3,4.272858826876207,WIN,5.5547164749390685,112.37618714684423,1.0,0.40399918384003264
2025-04-19,E0,Crystal Palace,Bournemouth,1X2,H,,2.45,0.9317557856409612,LOSS,-0.9317557856409612,111.44443136120327,0.530842125415802,0.3828316115075915
2025-04-19,D1,Freiburg,Hoffenheim,AH,Home,-0.5,1.97,1.5855805855974041,WIN,1.538013168029482,112.98244452923275,0.7878318372251455,
2025-04-19,I1,Lecce,Como,OU2.5,Over,2.5,2.1,0.4668416181901938,WIN,0.5135257800092132,113.49597030924197,0.5302997864327861,0.4516971279373368
2025-04-19,I1,Roma,Verona,AH,Home,-1.25,1.98,2.3643786126902455,WIN,2.3170910404364404,115.8130613496784,0.9174873508810151,
2025-04-19,SP1,Mallorca,Leganes,1X2,D,,3.1,1.995374782743511,WIN,4.190287043761374,120.00334839343978,0.6143667101860046,0.3034279153682139
2025-04-19,E0,Everton,Man City,AH,Away,0.5,1.97,0.3929198262694862,LOSS,-0.3929198262694862,119.61042856717029,0.5721017930523311,
2025-04-19,D1,RB Leipzig,Holstein Kiel,1X2,D,,5.75,2.850896237308982,WIN,13.541757127217664,133.15218569438795,0.6661544442176819,0.16420428824231448
2025-04-19,D1,Union Berlin,Stuttgart,1X2,A,,2.45,2.5579776517929167,LOSS,-2.5579776517929167,130.59420804259503,0.6924066543579102,0.38526912181303113
2025-04-19,SP1,Las Palmas,Ath Madrid,1X2,D,,4.2,2.5896008428470814,LOSS,-2.5896008428470814,128.00460719974794,0.6157975196838379,0.22521953376713624
2025-04-19,D1,Werder Bremen,Bochum,AH,Home,-0.75,1.95,2.2692135644208724,WIN,2.1557528861998287,130.16036008594776,0.8582812973343608,
2025-04-19,SP1,Vallecano,Valencia,1X2,A,,3.4,1.7250784012167288,LOSS,-1.7250784012167288,128.43528168473102,0.5280026793479919,0.27439024390243905
2025-04-19,SP1,Barcelona,Celta,OU2.5,Under,2.5,3.2,0.7086708448920427,LOSS,-0.7086708448920427,127.72661083983898,0.4073359359422811,0.2982456140350877
2025-04-19,D1,Mainz,Wolfsburg,1X2,D,,3.6,1.4510861655058591,WIN,3.772824030315234,131.4994348701542,0.48290470242500305,0.2631578947368421
2025-04-19,F1,Monaco,Strasbourg,AH,Home,-1.0,1.93,0.8349263402543569,WIN,0.7764814964365518,132.27591636659076,0.6405145622933281,
2025-04-20,D1,St Pauli,Leverkusen,OU2.5,Over,2.5,2.03,1.231395776928624,LOSS,-1.231395776928624,131.04452058966214,0.6106967462719917,0.47948717948717956
2025-04-20,E0,Fulham,Chelsea,1X2,H,,2.7,3.2544496162763163,LOSS,-3.2544496162763163,127.79007097338582,0.761286735534668,0.34738314023172195
2025-04-20,SP1,Valladolid,Osasuna,OU2.5,Over,2.5,2.0,0.7655268654020776,WIN,0.7655268654020776,128.5555978387879,0.5748812935515066,0.47368421052631576
2025-04-20,SP1,Villarreal,Sociedad,AH,Home,-0.75,1.92,1.9620685326056058,WIN,1.8051030499971572,130.36070088878503,0.8133629016588352,
2025-04-20,E0,Man United,Wolves,1X2,A,,3.6,3.4118182526600958,WIN,8.87072745691625,139.2314283457013,0.7503302693367004,0.2631578947368421
2025-04-20,SP1,Real Madrid,Ath Bilbao,1X2,D,,3.9,3.627583520068452,LOSS,-3.627583520068452,135.60384482563285,0.7407538294792175,0.24351676154332702
2025-04-20,SP1,Sevilla,Alaves,1X2,D,,3.1,2.0939020762638783,WIN,4.3971943601541446,140.001039185787,0.5840868353843689,0.30412744388124546
2025-04-20,I1,Bologna,Inter,1X2,D,,3.1,2.951372055669786,LOSS,-2.951372055669786,137.0496671301172,0.6795988082885742,0.3067869752844252
2025-04-20,I1,Milan,Atalanta,1X2,A,,2.75,5.239191655049305,WIN,9.168585396336285,146.21825252645348,0.9718157052993774,0.3437815975733064
2025-04-20,D1,Dortmund,M'gladbach,OU2.5,Under,2.5,3.2,1.4281491092404572,LOSS,-1.4281491092404572,144.79010341721303,0.4803744779871411,0.2982456140350877
2025-04-20,D1,Augsburg,Ein Frankfurt,1X2,D,,3.3,2.7870219145707003,WIN,6.41015040351261,151.20025382072564,0.6384243965148926,0.2861952861952861
2025-04-20,F1,St Etienne,Lyon,OU2.5,Under,2.5,2.75,0.4836269882581842,LOSS,-0.4836269882581842,150.71662683246745,0.4145229562700768,0.3436754176610979
2025-04-20,F1,Reims,Toulouse,1X2,A,,2.25,4.369261394459495,LOSS,-4.369261394459495,146.34736543800796,0.8470820784568787,0.4212076583210604
2025-04-20,F1,Brest,Lens,1X2,D,,3.3,1.6127151659204255,LOSS,-1.6127151659204255,144.73465027208752,0.49504154920578003,0.2882865057380293
2025-04-20,I1,Empoli,Venezia,1X2,D,,3.0,3.1047181626668294,WIN,6.209436325333659,150.94408659742118,0.6908517479896545,0.31578947368421056
2025-04-21,SP1,Girona,Betis,1X2,A,,2.45,4.244846704963278,WIN,6.1550277221967535,157.09911431961794,0.8242537975311279,0.38563603164942173
2025-04-22,SP1,Barcelona,Mallorca,AH,Home,-1.75,1.95,3.668745532876415,WIN,3.485308256232594,160.58442257585054,0.9679058454245987,
2025-04-22,SP1,Valencia,Espanol,1X2,A,,4.1,5.124272797959756,LOSS,-5.124272797959756,155.4601497778908,0.8470820784568787,0.23015021459227467
2025-04-22,E0,Man City,Aston Villa,OU2.5,Under,2.5,2.5,0.8315724195841094,LOSS,-0.8315724195841094,154.62857735830667,0.480236551370772,0.3796526054590571
2025-04-23,SP1,Alaves,Sociedad,OU2.5,Over,2.5,2.63,1.4034867174923848,LOSS,-1.4034867174923848,153.22509064081427,0.5208621633702983,0.36319612590799033
2025-04-23,I1,Torino,Udinese,1X2,H,,2.4,1.4496644038775972,WIN,2.029530165428636,155.2546208062429,0.5546397566795349,0.3914110429447853
2025-04-23,SP1,Celta,Villarreal,1X2,H,,2.5,1.8567058700679382,WIN,2.785058805101907,158.0396796113448,0.5793865323066711,0.38049560351718625
2025-04-23,I1,Parma,Juventus,1X2,H,,4.75,3.9728587911037665,WIN,14.898220466639124,172.93790007798393,0.7066782116889954,0.19865983445013796
2025-04-23,SP1,Getafe,Real Madrid,1X2,D,,3.6,2.928802619981446,LOSS,-2.928802619981446,170.0090974580025,0.583558976650238,0.2621206148994876
2025-04-23,I1,Genoa,Lazio,1X2,H,,3.3,3.70205878696846,LOSS,-3.70205878696846,166.30703867103404,0.682454526424408,0.28851430811446493
2025-04-23,I1,Cagliari,Fiorentina,1X2,H,,3.1,3.2871136587171366,LOSS,-3.2871136587171366,163.0199250123169,0.6573160886764526,0.30625
2025-04-23,E0,Arsenal,Crystal Palace,AH,Home,-1.25,1.95,3.1759545876595663,WIN,3.017156858276588,166.03708187059348,0.8924697924295973,
2025-04-24,SP1,Betis,Valladolid,AH,Home,-2.0,1.98,4.042942289031509,WIN,3.962083443250879,169.99916531384437,0.987124080789613,
2025-04-24,SP1,Leganes,Girona,1X2,D,,3.1,4.638858248332147,WIN,9.741602321497508,179.74076763534188,0.7847082614898682,0.30726256983240224
2025-04-24,SP1,Osasuna,Sevilla,1X2,D,,3.0,3.315161517377174,LOSS,-3.315161517377174,176.42560611796472,0.6407354474067688,0.31872509960159356
2025-04-24,SP1,Ath Madrid,Vallecano,AH,Home,-1.0,1.98,2.9371689961395635,WIN,2.8784256162167723,179.30403173418148,0.8346512570521302,
2025-04-25,F1,Paris SG,Nice,AH,Home,-0.75,1.9,3.4061735617921016,LOSS,-3.4061735617921016,175.89785817238936,0.8862520650673181,
2025-04-25,D1,Stuttgart,Heidenheim,1X2,A,,5.75,4.909437421410334,WIN,23.319827751699087,199.21768592408844,0.7503302693367004,0.16569637259292433
2025-04-26,D1,Ein Frankfurt,RB Leipzig,OU2.5,Under,2.5,2.63,1.2656611917624259,LOSS,-1.2656611917624259,197.952024732326,0.478665832217257,0.36319612590799033
2025-04-26,D1,Bayern Munich,Mainz,OU2.5,Under,2.5,3.4,1.3389786496846445,LOSS,-1.3389786496846445,196.61304608264138,0.4134851302981916,0.28118393234672306
2025-04-26,D1,Wolfsburg,Freiburg,1X2,A,,2.88,3.6550570784803615,WIN,6.871507307543079,203.48455339018446,0.650602400302887,0.3280421170183065
2025-04-26,F1,Lyon,Rennes,1X2,A,,4.1,5.224967405476696,LOSS,-5.224967405476696,198.25958598470777,0.7292691469192505,0.23153252480705624
2025-04-26,F1,Le Havre,Monaco,OU2.5,Under,2.5,2.75,0.7763797990327942,WIN,1.3586646483073899,199.61825063301515,0.42593598330644183,0.3436754176610979
2025-04-26,D1,Hoffenheim,Dortmund,OU2.5,Under,2.5,2.75,1.3287253408395499,LOSS,-1.3287253408395499,198.2895252921756,0.46953255385742465,0.3436754176610979
2025-04-26,D1,Holstein Kiel,M'gladbach,OU2.5,Under,2.5,2.63,0.8074200175662958,LOSS,-0.8074200175662958,197.4821052746093,0.443319745965914,0.36319612590799033
2025-04-27,F1,Marseille,Brest,OU2.5,Under,2.5,2.5,0.941800467842806,LOSS,-0.941800467842806,196.5403048067665,0.4715356310284303,0.3796526054590571
2025-04-27,E0,Bournemouth,Man United,1X2,A,,4.5,3.781432969448705,LOSS,-3.781432969448705,192.7588718373178,0.5963330864906311,0.20748563441528187
2025-04-27,I1,Como,Genoa,OU2.5,Over,2.5,2.2,0.9407423958784549,LOSS,-0.9407423958784549,191.81812944143934,0.5210965049643905,0.43152454780361754
2025-04-27,I1,Fiorentina,Empoli,OU2.5,Over,2.5,2.2,2.3079365533848133,WIN,2.7695238640617763,194.5876533055011,0.61861681830682,0.43152454780361754
2025-04-27,D1,Bochum,Union Berlin,1X2,A,,3.1,6.278536810856703,LOSS,-6.278536810856703,188.3091164946444,0.8690184950828552,0.3039936419630439
2025-04-27,I1,Inter,Roma,1X2,D,,3.8,3.2225244152168404,LOSS,-3.2225244152168404,185.08659207942756,0.5783964395523071,0.25021695111368236
2025-04-27,D1,Werder Bremen,St Pauli,AH,Home,-0.5,1.92,2.61883136736121,WIN,2.409324857972313,187.49591693739987,0.7920267639892015,
2025-04-27,F1,Angers,Lille,OU2.5,Over,2.5,2.01,0.9916836801650569,LOSS,-0.9916836801650569,186.5042332572348,0.5639550466752202,0.4846153846153846
2025-04-27,F1,Lens,Auxerre,1X2,A,,5.5,7.460169330289392,WIN,33.570761986302266,220.07499524353707,1.0,0.17204301075268816
2025-04-27,SP1,Villarreal,Espanol,1X2,A,,6.25,6.949999165352937,LOSS,-6.949999165352937,213.12499607818413,0.8231829404830933,0.15173867228661753
2025-04-27,I1,Atalanta,Lecce,1X2,D,,6.0,5.578601487740437,WIN,27.893007438702185,241.01800351688632,0.7119845151901245,0.15759312320916904
2025-04-27,F1,Nantes,Toulouse,1X2,D,,3.25,4.407860641101374,WIN,9.917686442478091,250.93568995936442,0.6242242455482483,0.28943536312734586
2025-04-27,I1,Napoli,Torino,OU2.5,Over,2.5,2.07,2.0374918812909444,LOSS,-2.0374918812909444,248.89819807807348,0.5880186998524066,0.46923076923076923
2025-04-28,I1,Udinese,Bologna,OU2.5,Over,2.5,2.2,1.9859675193581465,LOSS,-1.9859675193581465,246.91223055871532,0.5633504819546121,0.43152454780361754
2025-04-28,I1,Verona,Cagliari,1X2,D,,2.75,3.348160494307281,LOSS,-3.348160494307281,243.56407006440804,0.579365611076355,0.34653465346534656
2025-04-28,I1,Lazio,Parma,1X2,D,,4.5,4.47363243698956,WIN,15.65771352946346,259.2217835938715,0.579365611076355,0.21169463995668653
2025-05-01,E0,Nott'm Forest,Brentford,1X2,A,,3.25,8.199021513236204,WIN,18.44779840478146,277.669581998653,0.8551236987113953,0.2906808305166586
2025-05-02,F1,Nice,Reims,1X2,D,,4.75,7.230000635632298,LOSS,-7.230000635632298,270.4395813630207,0.7244370579719543,0.19895783988630977
2025-05-02,D1,Heidenheim,Bochum,1X2,A,,3.1,4.637291351720938,LOSS,-4.637291351720938,265.80229001129976,0.6129773855209351,0.30874785591766724
2025-05-02,SP1,Vallecano,Getafe,1X2,A,,3.4,3.0544610323148094,LOSS,-3.0544610323148094,262.74782897898496,0.49690842628479004,0.2807486631016043
2025-05-02,I1,Torino,Venezia,1X2,D,,2.88,3.3095264706633256,WIN,6.221909764847052,268.969738743832,0.5527791380882263,0.32914725541827017
2025-05-03,D1,M'gladbach,Hoffenheim,1X2,A,,3.0,4.244338493784642,LOSS,-4.244338493784642,264.72540025004736,0.5963330864906311,0.3146067415730337
2025-05-03,F1,Strasbourg,Paris SG,1X2,A,,2.6,3.206006357543023,LOSS,-3.206006357543023,261.51939389250435,0.5709336400032043,0.3630346735157562
2025-05-03,F1,Toulouse,Rennes,1X2,A,,3.4,5.312283998040112,LOSS,-5.312283998040112,256.2071098944642,0.6525850892066956,0.2792207792207792
2025-05-03,F1,St Etienne,Monaco,OU2.5,Under,2.5,3.4,2.0360374558314605,LOSS,-2.0360374558314605,254.17107243863276,0.43435603765136843,0.2765957446808511
2025-05-03,D1,RB Leipzig,Bayern Munich,OU2.5,Under,2.5,3.2,1.8343333660808443,LOSS,-1.8343333660808443,252.33673907255192,0.43654088485374964,0.293598233995585
2025-05-03,SP1,Alaves,Ath Madrid,OU2.5,Over,2.5,2.5,2.8742211896492607,LOSS,-2.8742211896492607,249.46251788290266,0.5708562851497536,0.3796526054590571
2025-05-03,I1,Cagliari,Udinese,1X2,D,,3.2,2.8427867624803493,LOSS,-2.8427867624803493,246.6197311204223,0.7042253613471985,0.2968388589051658
2025-05-03,I1,Parma,Como,1X2,A,,2.3,2.2008752522426605,WIN,2.8611378279154582,249.48086894833776,0.6869872808456421,0.41002004008016035
2025-05-03,I1,Lecce,Napoli,OU2.5,Over,2.5,2.0,1.8392598905325306,LOSS,-1.8392598905325306,247.64160905780523,0.684308710552211,0.47368421052631576
2025-05-03,E0,Leicester,Southampton,1X2,H,,2.3,2.6058076054096815,WIN,3.3875498870325855,251.0291589448378,0.7321574687957764,0.41025641025641024
2025-05-03,E0,Everton,Ipswich,1X2,A,,6.5,4.054150349020335,LOSS,-4.054150349020335,246.97500859581746,0.49548324942588806,0.1431861979315142
2025-05-03,E0,Arsenal,Bournemouth,1X2,D,,3.7,2.08568899434075,LOSS,-2.08568899434075,244.8893196014767,0.5783964395523071,0.2568638290031325
2025-05-03,SP1,Villarreal,Osasuna,AH,Home,-1.0,1.91,1.4969627643524537,WIN,1.3622361155607328,246.25155571703743,0.7565512200924729,
2025-05-03,SP1,Las Palmas,Valencia,1X2,A,,2.7,2.0267108703157017,WIN,3.4454084795366935,249.69696419657413,0.629470705986023,0.3515188335358444
2025-05-03,D1,Union Berlin,Werder Bremen,1X2,A,,2.55,1.6774782869350862,LOSS,-1.6774782869350862,248.01948590963903,0.5963330864906311,0.3711340206185567
2025-05-03,D1,Dortmund,Wolfsburg,OU2.5,Under,2.5,3.4,1.1727093113736289,LOSS,-1.1727093113736289,246.8467765982654,0.4609986493704795,0.28118393234672306
2025-05-03,D1,St Pauli,Stuttgart,1X2,A,,2.55,4.6966294892138025,WIN,7.279775708281393,254.12655230654678,0.9704131484031677,0.3701162415240556
2025-05-04,D1,Augsburg,Holstein Kiel,1X2,A,,4.0,8.152764798273104,WIN,24.458294394819312,278.5848467013661,0.8515284061431885,0.23744884719033837
2025-05-04,D1,Freiburg,Leverkusen,1X2,A,,2.25,4.520864709316884,LOSS,-4.520864709316884,274.0639819920492,0.6698328256607056,0.42285270112708895
2025-05-04,E0,West Ham,Tottenham,OU2.5,Under,2.5,2.38,1.0880077669570822,WIN,1.5014507184007733,275.56543271044995,0.4777149985858956,0.39746835443037976
2025-05-04,E0,Chelsea,Liverpool,OU2.5,Under,2.5,2.5,0.9178074675221994,LOSS,-0.9178074675221994,274.64762524292775,0.44995950282087366,0.3796526054590571
2025-05-04,F1,Lyon,Lens,OU2.5,Under,2.5,2.63,1.3095922943507405,LOSS,-1.3095922943507405,273.338032948577,0.4541090283950867,0.36319612590799033
2025-05-04,SP1,Espanol,Betis,1X2,A,,2.38,2.113920408677292,WIN,2.9172101639746626,276.2552431125517,0.5322745442390442,0.39768618944323936
2025-05-04,SP1,Real Madrid,Celta,AH,Home,-1.5,1.98,6.3013394681194965,WIN,6.175312678757106,282.4305557913088,0.956639369335754,
2025-05-04,SP1,Sevilla,Leganes,OU2.5,Over,2.5,2.5,2.3814805799505163,WIN,3.5722208699257747,286.0027766612346,0.5264813879616245,0.3796526054590571
2025-05-04,SP1,Sociedad,Ath Bilbao,OU2.5,Over,2.5,2.63,3.1879341946074917,LOSS,-3.1879341946074917,282.8148424666271,0.5529355436383009,0.36319612590799033
2025-05-04,F1,Lille,Marseille,1X2,H,,2.35,11.312593698665085,LOSS,-11.312593698665085,271.50224876796204,1.0,0.4030403040304031
2025-05-04,I1,Bologna,Juventus,1X2,H,,2.4,9.265280487798895,LOSS,-9.265280487798895,262.2369682801631,0.9143372178077698,0.39616613418530355
2025-05-04,F1,Auxerre,Le Havre,1X2,A,,3.25,4.341531104551091,WIN,9.768444985239956,272.0054132654031,0.5942342281341553,0.2898217366302473
2025-05-04,I1,Empoli,Lazio,OU2.5,Over,2.5,2.0,2.3621914574383656,LOSS,-2.3621914574383656,269.6432218079647,0.6085544322942165,0.4708994708994709
2025-05-04,I1,Roma,Fiorentina,1X2,D,,3.7,6.528732338356282,LOSS,-6.528732338356282,263.11448946960843,0.7119845151901245,0.2554179566563467
2025-05-04,F1,Nantes,Angers,1X2,D,,3.2,6.1659164240073245,LOSS,-6.1659164240073245,256.9485730456011,0.7152778506278992,0.29780564263322884
2025-05-04,E0,Brighton,Newcastle,OU2.5,Under,2.5,2.5,0.6530439794414573,WIN,0.979565969162186,257.9281390147633,0.47624607193193796,0.3796526054590571
2025-05-04,D1,Mainz,Ein Frankfurt,1X2,H,,2.35,5.074307009402937,LOSS,-5.074307009402937,252.85383200536037,0.7080745100975037,0.40293767368003175
2025-05-05,E0,Crystal Palace,Nott'm Forest,1X2,H,,2.25,3.0064027302491514,LOSS,-3.0064027302491514,249.8474292751112,0.7747189998626709,0.42285270112708895
2025-05-05,SP1,Girona,Mallorca,OU2.5,Over,2.5,2.38,0.8981048648209081,LOSS,-0.8981048648209081,248.9493244102903,0.5243816429104398,0.39746835443037976
2025-05-09,D1,Wolfsburg,Hoffenheim,OU2.5,Under,2.5,2.63,0.7608607122643156,LOSS,-0.7608607122643156,248.188463698026,0.4749381872769785,0.36319612590799033
2025-05-10,F1,Auxerre,Nantes,1X2,A,,2.45,0.6893085124593348,LOSS,-0.6893085124593348,247.49915518556665,0.4903504252433777,0.38526912181303113
2025-05-10,E0,Fulham,Everton,1X2,A,,4.5,2.8535645585941376,WIN,9.987475955079482,257.4866311406461,0.6705952882766724,0.20850461621403063
2025-05-10,D1,Bayern Munich,M'gladbach,OU2.5,Under,2.5,5.0,2.215630733825106,WIN,8.862522935300424,266.34915407594656,0.3720967588888037,0.18962722852512157
2025-05-10,SP1,Ath Madrid,Sociedad,AH,Home,-0.75,1.91,4.714014884734149,WIN,4.289753545108075,270.6389076210546,0.8608534547878867,
2025-05-10,SP1,Mallorca,Valladolid,OU2.5,Over,2.5,2.0,2.394975035406082,WIN,2.394975035406082,273.0338826564607,0.6106167188070893,0.4871794871794872
2025-05-10,F1,Toulouse,Lens,1X2,A,,3.1,7.712608211826667,LOSS,-7.712608211826667,265.32127444463407,0.8009709119796753,0.306420233463035
2025-05-10,E0,Wolves,Brighton,1X2,A,,2.5,1.4530332759272275,WIN,2.1795499138908414,267.50082435852494,0.48214757442474365,0.3787575150300601
2025-05-10,E0,Bournemouth,Aston Villa,1X2,A,,2.75,10.297294836944548,WIN,18.02026596465296,285.5210903231779,0.976047933101654,0.3436754176610979
2025-05-10,F1,Brest,Lille,AH,Away,0.75,2.0,0.6310999968205588,WIN,0.6310999968205588,286.15219031999845,0.5442068917645435,
2025-05-10,I1,Empoli,Parma,1X2,D,,3.3,5.03872986993811,LOSS,-5.03872986993811,281.11346045006036,0.6098462343215942,0.28754298815437523
2025-05-10,F1,Monaco,Lyon,OU2.5,Under,2.5,3.0,2.423844329433366,WIN,4.847688658866732,285.9611491089271,0.4770383178825619,0.3181818181818181
2025-05-10,I1,Como,Cagliari,AH,Home,-0.75,1.99,4.34835003576289,WIN,4.304866535405261,290.26601564433236,0.8051060475611903,
2025-05-10,D1,Union Berlin,Heidenheim,1X2,D,,3.3,4.682049172119119,LOSS,-4.682049172119119,285.58396647221326,0.5840868353843689,0.2884615384615385
2025-05-10,D1,Werder Bremen,RB Leipzig,1X2,H,,2.35,7.359224620579514,LOSS,-7.359224620579514,278.2247418516337,0.7956191897392273,0.40413497171835383
2025-05-10,I1,Lazio,Juventus,1X2,D,,3.2,6.932410830768226,WIN,15.251303827690098,293.4760456793238,0.7407538294792175,0.2964905203711174
2025-05-10,F1,Reims,St Etienne,1X2,D,,3.7,5.048315333539389,LOSS,-5.048315333539389,288.4277303457844,0.5840868353843689,0.2552221800227877
2025-05-10,SP1,Valencia,Getafe,1X2,D,,3.0,6.552810058542189,LOSS,-6.552810058542189,281.8749202872422,0.7119845151901245,0.3132007233273056
2025-05-10,D1,Bochum,Mainz,1X2,A,,2.3,11.27499681148969,WIN,14.657495854936593,296.5324161421788,1.0,0.4111855061047657
2025-05-11,E0,Newcastle,Chelsea,OU2.5,Under,2.5,2.38,1.2124871254687073,WIN,1.673232233146816,298.2056483753256,0.4794397281948054,0.39746835443037976
2025-05-11,I1,Verona,Lecce,1X2,D,,3.0,7.7672170367247375,WIN,15.534434073449475,313.74008244877507,0.7674418687820435,0.31295487627365354
2025-05-11,SP1,Leganes,Espanol,1X2,A,,3.2,4.4024181704062135,LOSS,-4.4024181704062135,309.33766427836883,0.5536759495735168,0.29411764705882354
2025-05-11,SP1,Barcelona,Real Madrid,1X2,D,,3.7,6.558566554109692,LOSS,-6.558566554109692,302.77909772425915,0.6570628881454468,0.24368737474949898
2025-05-11,SP1,Betis,Osasuna,1X2,D,,3.75,4.439714452237929,WIN,12.209214743654305,314.98831246791343,0.5354922413825989,0.25208037345240514
2025-05-11,E0,Nott'm Forest,Leicester,1X2,D,,5.25,6.039780748970144,WIN,25.669068183123112,340.65738065103653,0.578533947467804,0.17845611975344877
2025-05-11,I1,Torino,Inter,1X2,D,,4.0,7.819745097355462,LOSS,-7.819745097355462,332.8376355536811,0.6804037690162659,0.2356588135482608
2025-05-11,SP1,Ath Bilbao,Alaves,1X2,D,,2.9,8.247509788681949,LOSS,-8.247509788681949,324.59012576499913,0.7506967186927795,0.3071672354948805
2025-05-11,E0,Tottenham,Crystal Palace,1X2,H,,2.63,11.479430260676443,LOSS,-11.479430260676443,313.1106955043227,0.9281982779502869,0.35938186319530413
2025-05-11,E0,Man United,West Ham,1X2,A,,4.0,8.003429116034663,WIN,24.01028734810399,337.12098285242666,0.7292691469192505,0.23717059639389737
2025-05-11,D1,Stuttgart,Augsburg,AH,Home,-1.0,1.92,1.9028128258257553,WIN,1.7505877997596948,338.87157065218634,0.6290157990258505,
2025-05-11,D1,Leverkusen,Dortmund,OU2.5,Under,2.5,2.63,1.3603452660353974,LOSS,-1.3603452660353974,337.51122538615095,0.44242749152197935,0.36319612590799033
2025-05-11,E0,Liverpool,Arsenal,1X2,D,,3.6,4.817438275070646,WIN,12.525339515183681,350.03656490133466,0.5354922413825989,0.2631578947368421
2025-05-11,I1,Napoli,Genoa,AH,Home,-1.5,2.0,8.41949067055886,WIN,8.41949067055886,358.4560555718935,0.9810634953483831,
2025-05-12,I1,Atalanta,Roma,AH,Home,-0.5,2.0,2.6378009106823774,WIN,2.6378009106823774,361.09385648257586,0.6471756925112584,
2025-05-12,I1,Venezia,Fiorentina,OU2.5,Over,2.5,2.2,3.0766197114390708,WIN,3.6919436537268853,364.7858001363027,0.5707310511785885,0.43152454780361754
2025-05-13,SP1,Sociedad,Celta,1X2,A,,3.1,13.954139122916493,WIN,29.303692158124637,394.0894922944274,0.9704131484031677,0.30420841683366734
2025-05-13,SP1,Sevilla,Las Palmas,1X2,D,,3.7,4.593316785556123,LOSS,-4.593316785556123,389.49617550887126,0.48290470242500305,0.255080517289033
2025-05-14,SP1,Alaves,Valencia,OU2.5,Over,2.5,2.38,2.9219777697004328,LOSS,-2.9219777697004328,386.5741977391708,0.5289147073904263,0.39746835443037976
2025-05-14,SP1,Villarreal,Leganes,AH,Home,-1.5,1.97,8.887754923917859,WIN,8.621122276200323,395.1953200153711,0.9604332814866012,
2025-05-15,SP1,Getafe,Ath Bilbao,OU2.5,Over,2.5,3.0,5.625200055899971,LOSS,-5.625200055899971,389.5701199594711,0.5705662394855443,0.3181818181818181
2025-05-15,SP1,Vallecano,Betis,1X2,A,,2.4,12.083846129827245,LOSS,-12.083846129827245,377.4862738296439,0.8690184950828552,0.39215686274509803
2025-05-15,SP1,Osasuna,Ath Madrid,OU2.5,Over,2.5,2.1,1.8807272438697915,LOSS,-1.8807272438697915,375.6055465857741,0.5414340963115895,0.4516971279373368
2025-05-16,E0,Aston Villa,Tottenham,OU2.5,Under,2.5,3.2,1.3822042769682699,WIN,3.040849409330194,378.6463959951043,0.37574889562025415,0.2982456140350877
2025-05-16,E0,Chelsea,Man United,AH,Home,-1.25,1.99,7.7935432450651865,WIN,7.715607812614534,386.3620038077188,0.9120967972442666,
2025-05-17,D1,Freiburg,Ein Frankfurt,1X2,A,,2.8,6.539278069963961,WIN,11.77070052593513,398.1327043336539,0.6291559934616089,0.3391847084064756
2025-05-17,F1,Lens,Monaco,OU2.5,Under,2.5,2.63,2.3617627370779837,LOSS,-2.3617627370779837,395.77094159657594,0.4721418427814624,0.36319612590799033
2025-05-17,F1,St Etienne,Toulouse,1X2,A,,3.25,7.780641785140075,WIN,17.50644401656517,413.2773856131411,0.647952139377594,0.2906574394463668
2025-05-17,D1,Mainz,Leverkusen,OU2.5,Under,2.5,2.75,2.611981279674184,LOSS,-2.611981279674184,410.66540433346694,0.4641844436372329,0.3436754176610979
2025-05-17,D1,M'gladbach,Wolfsburg,OU2.5,Under,2.5,3.5,4.363153335273958,WIN,10.907883338184895,421.5732876716518,0.47543918484978587,0.27083333333333337
2025-05-17,D1,RB Leipzig,Stuttgart,1X2,A,,3.2,6.910349079514243,WIN,15.202767974931337,436.7760556465832,0.5942342281341553,0.29745042492917845
2025-05-17,F1,Strasbourg,Le Havre,AH,Home,-1.0,1.9,8.642856547494087,PUSH,0.0,436.7760556465832,0.901243364139506,
2025-05-17,F1,Lyon,Angers,OU2.5,Under,2.5,3.0,2.840441014963984,WIN,5.680882029927968,442.45693767651113,0.4417199606924089,0.3181818181818181
2025-05-17,F1,Marseille,Rennes,OU2.5,Under,2.5,2.63,1.5800294191027877,LOSS,-1.5800294191027877,440.87690825740833,0.4355588195696237,0.36319612590799033
2025-05-17,D1,Dortmund,Holstein Kiel,OU2.5,Under,2.5,5.5,4.461328897440983,LOSS,-4.461328897440983,436.41557935996735,0.38880215628187575,0.1716867469879518
2025-05-17,D1,Hoffenheim,Bayern Munich,OU2.5,Under,2.5,3.75,1.9076491705996557,LOSS,-1.9076491705996557,434.5079301893677,0.3468048876232866,0.25595238095238093
2025-05-17,D1,Augsburg,Union Berlin,1X2,A,,3.4,16.718827781280318,WIN,40.12518667507276,474.63311686444047,0.9731343388557434,0.27851458885941643
2025-05-17,F1,Nice,Brest,OU2.5,Under,2.5,2.63,2.727362437324819,LOSS,-2.727362437324819,471.90575442711565,0.46926230027686755,0.36319612590799033
2025-05-17,F1,Paris SG,Auxerre,OU2.5,Under,2.5,3.75,2.1716283273674164,LOSS,-2.1716283273674164,469.7341260997482,0.351033482769743,0.25595238095238093
2025-05-17,D1,Heidenheim,Werder Bremen,1X2,A,,2.75,18.78936504398993,WIN,32.88138882698237,502.6155149267306,1.0,0.34254360180286103
2025-05-18,E0,Everton,Southampton,AH,Home,-1.25,1.95,11.34409433851556,WIN,10.776889621589783,513.3924045483204,0.9526485641419594,
2025-05-18,I1,Cagliari,Venezia,1X2,D,,3.0,7.201943131327025,LOSS,-7.201943131327025,506.1904614169934,0.567135751247406,0.3170731707317074
2025-05-18,I1,Juventus,Udinese,1X2,D,,4.75,10.319752690276015,LOSS,-10.319752690276015,495.8707087267174,0.6129031777381897,0.19996590521650184
2025-05-18,SP1,Valencia,Ath Bilbao,1X2,H,,2.2,6.617140399438702,LOSS,-6.617140399438702,489.2535683272787,0.636515736579895,0.4324734446130501
2025-05-18,I1,Monza,Empoli,OU2.5,Over,2.5,2.2,2.5315268397691177,WIN,3.037832207722942,492.2914005350016,0.5251035920370833,0.43152454780361754
2025-05-18,I1,Parma,Napoli,1X2,D,,4.2,11.431596023173821,WIN,36.58110727415623,528.8725078091578,0.6804037690162659,0.22361359570661896
2025-05-18,SP1,Valladolid,Alaves,OU2.5,Over,2.5,2.03,3.749153084509543,LOSS,-3.749153084509543,525.1233547246483,0.5825323031875415,0.47409326424870474
2025-05-18,I1,Verona,Como,OU2.5,Over,2.5,2.1,2.640003390791112,LOSS,-2.640003390791112,522.4833513338572,0.5420254322319443,0.4516971279373368
2025-05-18,SP1,Sevilla,Real Madrid,1X2,D,,4.0,8.437176468390039,LOSS,-8.437176468390039,514.0461748654672,0.5527791380882263,0.23595505617977527
2025-05-18,SP1,Las Palmas,Leganes,1X2,A,,2.35,6.483309477402259,WIN,8.75246779449305,522.7986426599603,0.6066661477088928,0.40293767368003175
2025-05-18,I1,Lecce,Torino,OU2.5,Over,2.5,2.3,3.8925461821368748,LOSS,-3.8925461821368748,518.9060964778233,0.5399920822419578,0.413265306122449
2025-05-18,SP1,Celta,Vallecano,1X2,D,,3.9,6.3222684211880695,LOSS,-6.3222684211880695,512.5838280566353,0.48290470242500305,0.2421738922002589
2025-05-18,E0,Arsenal,Newcastle,1X2,D,,3.7,5.974429533021197,LOSS,-5.974429533021197,506.6093985236141,0.48290470242500305,0.256578947368421
2025-05-18,SP1,Osasuna,Espanol,1X2,D,,3.3,8.010261347452206,LOSS,-8.010261347452206,498.5991371761619,0.578533947467804,0.2834410740924913
2025-05-18,SP1,Mallorca,Getafe,1X2,D,,3.2,8.625837141837252,LOSS,-8.625837141837252,489.97330003432467,0.6098462343215942,0.29745042492917845
2025-05-18,I1,Fiorentina,Bologna,1X2,H,,2.75,18.821299534781136,WIN,32.93727418586699,522.9105742201916,0.974750816822052,0.34285714285714286
2025-05-18,SP1,Barcelona,Villarreal,OU2.5,Under,2.5,3.2,3.9646715775354866,LOSS,-3.9646715775354866,518.9459026426562,0.4428144286965538,0.2982456140350877
2025-05-18,SP1,Ath Madrid,Betis,AH,Home,-0.5,1.93,5.180798023996934,WIN,4.818142162317148,523.7640448049733,0.7105591433536929,
2025-05-18,E0,Brentford,Fulham,AH,Home,-0.5,1.95,6.165864513628589,LOSS,-6.165864513628589,517.5981802913448,0.7422278378602671,
2025-05-18,SP1,Sociedad,Girona,1X2,D,,3.1,11.554866640063137,LOSS,-11.554866640063137,506.0433136512816,0.7006485462188721,0.3059701492537313
2025-05-19,E0,Brighton,Liverpool,1X2,D,,3.75,6.091631917656323,LOSS,-6.091631917656323,499.95168173362526,0.48735907673835754,0.25170404030425764
2025-05-20,E0,Crystal Palace,Wolves,1X2,D,,3.3,7.928855591895827,LOSS,-7.928855591895827,492.0228261417294,0.579365611076355,0.2858844550327576
2025-05-20,E0,Man City,Bournemouth,AH,Home,-1.0,1.91,6.5097836816754615,WIN,5.923903150324669,497.9467292920541,0.775704606732884,
2025-05-23,SP1,Betis,Valencia,AH,Home,-0.5,1.95,6.651562687906874,WIN,6.31898455351153,504.26571384556564,0.7731298759400421,
2025-05-23,I1,Como,Inter,1X2,D,,4.2,13.720990202587744,LOSS,-13.720990202587744,490.5447236429779,0.7563779354095459,0.2280265339966832
2025-05-24,SP1,Vallecano,Mallorca,1X2,A,,6.25,7.716745621731091,LOSS,-7.716745621731091,482.8279780212468,0.4903504252433777,0.1521360843779964
2025-05-24,SP1,Getafe,Celta,OU2.5,Over,2.5,2.1,1.733624493024086,WIN,1.906986942326495,484.7349649635733,0.5232097595321881,0.4516971279373368
2025-05-24,SP1,Alaves,Osasuna,1X2,D,,3.2,5.690821073478485,WIN,12.519806361652668,497.254771325226,0.5142824053764343,0.2974683544303798
2025-05-24,SP1,Leganes,Valladolid,AH,Home,-1.5,1.95,11.611790760011342,WIN,11.031201222010774,508.2859725472368,0.9678811050092115,
2025-05-24,SP1,Espanol,Las Palmas,1X2,D,,4.75,9.976031276909488,LOSS,-9.976031276909488,498.3099412703273,0.5978975296020508,0.19857900890367836
2025-05-24,SP1,Real Madrid,Sociedad,1X2,D,,5.0,9.147369732116617,LOSS,-9.147369732116617,489.16257153821067,0.567135751247406,0.18902314151136598
2025-05-24,I1,Bologna,Genoa,1X2,D,,4.5,8.984632037130448,LOSS,-8.984632037130448,480.17793950108023,0.579365611076355,0.21052631578947367
2025-05-25,E0,Man United,Aston Villa,1X2,D,,4.2,6.368570938329147,LOSS,-6.368570938329147,473.8093685627511,0.49072265625,0.22519656132407379
2025-05-25,E0,Nott'm Forest,Chelsea,1X2,A,,2.2,4.503015211659077,WIN,5.403618253990894,479.212986816742,0.7137414813041687,0.4310344827586207
2025-05-25,E0,Newcastle,Everton,AH,Home,-1.5,1.93,10.115670344899684,WIN,9.407573420756705,488.6205602374987,0.9250010151926097,
2025-05-25,E0,Wolves,Brentford,OU2.5,Under,2.5,2.5,2.372877183917381,WIN,3.559315775876071,492.1798760133748,0.47284416714159616,0.3796526054590571
2025-05-25,E0,Ipswich,West Ham,1X2,A,,2.2,19.68719504053499,WIN,23.624634048641994,515.8045100620168,1.0,0.4324734446130501
2025-05-25,E0,Tottenham,Brighton,1X2,D,,4.33,7.286535276007059,LOSS,-7.286535276007059,508.51797478600975,0.5025484561920166,0.21843546363997918
2025-05-25,I1,Torino,Roma,1X2,D,,4.2,14.24679420957311,LOSS,-14.24679420957311,494.2711805764366,0.77173912525177,0.22528633671632445
2025-05-25,SP1,Ath Bilbao,Barcelona,OU2.5,Under,2.5,2.5,2.5936015732055924,LOSS,-2.5936015732055924,491.677579003231,0.47870987653521013,0.3796526054590571
2025-05-25,I1,Atalanta,Parma,1X2,D,,3.5,7.353348802916167,LOSS,-7.353348802916167,484.32423020031484,0.5527791380882263,0.27027027027027023
2025-05-25,I1,Empoli,Verona,1X2,D,,3.2,8.969577975056623,LOSS,-8.969577975056623,475.35465222525823,0.6308087110519409,0.29585311585697016
2025-05-25,I1,Venezia,Juventus,1X2,D,,4.33,4.943122293864788,LOSS,-4.943122293864788,470.41152993139343,0.6308087110519409,0.21819250543776147
2025-05-25,I1,Lazio,Lecce,AH,Home,-1.0,1.9,4.88739505215158,PUSH,0.0,470.41152993139343,0.9200275451606731,
2025-05-25,E0,Fulham,Man City,1X2,D,,4.2,5.984939056103683,LOSS,-5.984939056103683,464.4265908752898,0.7227723002433777,0.22396416573348263
2025-05-25,E0,Bournemouth,Leicester,AH,Home,-1.5,1.9,5.3938701815073085,WIN,4.854483163356577,469.28107403864635,0.9664268750673692,
2025-05-25,E0,Liverpool,Crystal Palace,OU2.5,Under,2.5,3.5,1.8853554426507027,WIN,4.713388606626757,473.99446264527313,0.42919785382908615,0.27083333333333337
2025-08-15,SP1,Girona,Vallecano,1X2,A,,3.3,9.479889252905464,WIN,21.803745281682566,495.7982079269557,1.0,0.2871870397643594
2025-08-15,F1,Rennes,Marseille,1X2,H,,3.5,18.78313720029051,WIN,46.95784300072628,542.7560509276819,0.9622257351875305,0.2717731541152642
2025-08-15,E0,Liverpool,Bournemouth,OU2.5,Under,2.5,3.2,3.3742064480362686,LOSS,-3.3742064480362686,539.3818444796457,0.4193512699701816,0.2982456140350877
2025-08-16,F1,Nice,Toulouse,1X2,D,,3.3,9.911291360707818,LOSS,-9.911291360707818,529.4705531189379,0.6232056021690369,0.28668941979522183
2025-08-16,E0,Aston Villa,Newcastle,1X2,H,,2.25,11.869929759981753,LOSS,-11.869929759981753,517.6006233589561,0.7558123469352722,0.4134419551934827
2025-08-16,E0,Sunderland,West Ham,AH,Away,0.25,1.95,3.1072250269233757,WIN,2.951863775577207,520.5524871345333,0.629804629674483,
2025-08-16,SP1,Alaves,Levante,OU2.5,Over,2.5,2.63,4.694457671237072,WIN,7.651966004116427,528.2044531386497,0.5199591365958355,0.36319612590799033
2025-08-16,F1,Monaco,Le Havre,AH,Home,-1.5,1.95,12.028245955217473,WIN,11.4268336574566,539.6312867961063,0.9565816103509348,
2025-08-16,SP1,Valencia,Sociedad,1X2,D,,2.9,14.649271319666335,WIN,27.833615507366034,567.4649023034724,0.7894737124443054,0.3277755185034567
2025-08-16,E0,Brighton,Fulham,AH,Home,-0.5,1.93,7.228024398219155,WIN,6.722062690343813,574.1869649938162,0.7636430467172258,
2025-08-17,E0,Nott'm Forest,Brentford,1X2,A,,3.5,6.790835665524695,LOSS,-6.790835665524695,567.3961293282915,0.49690842628479004,0.2738589211618257
2025-08-17,F1,Brest,Lille,1X2,H,,3.3,11.860223711386077,LOSS,-11.860223711386077,555.5359056169054,0.667247474193573,0.288135593220339
2025-08-17,SP1,Espanol,Ath Madrid,1X2,D,,3.9,9.991376355527304,LOSS,-9.991376355527304,545.5445292613781,0.5907489061355591,0.2418919959941453
2025-08-17,SP1,Celta,Getafe,1X2,D,,3.5,8.875815159157641,LOSS,-8.875815159157641,536.6687141022204,0.5762436389923096,0.2710182767624021
2025-08-17,F1,Angers,Paris FC,OU2.5,Over,2.5,2.2,2.7823675854575347,LOSS,-2.7823675854575347,533.8863465167628,0.5252434012830451,0.43152454780361754
2025-08-17,SP1,Ath Bilbao,Sevilla,OU2.5,Over,2.5,2.1,5.880997928624231,WIN,6.469097721486654,540.3554442382494,0.6204404061903592,0.4516971279373368
2025-08-18,SP1,Elche,Betis,OU2.5,Over,2.5,2.2,2.7252444231442303,LOSS,-2.7252444231442303,537.6301998151052,0.5233194890226225,0.43152454780361754
2025-08-22,D1,Bayern Munich,RB Leipzig,AH,Home,-2.0,1.93,12.587307897746886,WIN,11.706196344904603,549.3363961600098,0.9694030187253928,
2025-08-22,F1,Paris SG,Angers,AH,Home,-2.75,1.93,13.67852643182358,WIN,12.721029581595928,562.0574257416058,0.9980742990891814,
2025-08-22,SP1,Betis,Alaves,1X2,D,,3.4,13.60592362558622,LOSS,-13.60592362558622,548.4515021160196,0.7213062644004822,0.2785803583831088
2025-08-23,I1,Roma,Bologna,OU2.5,Over,2.5,2.1,2.703606496703893,LOSS,-2.703606496703893,545.7478956193157,0.5407438061632703,0.4516971279373368
2025-08-23,I1,Genoa,Lecce,1X2,D,,3.3,10.553303572961903,WIN,24.272598217812376,570.0204938371281,0.6399685144424438,0.28816986855409504
2025-08-23,I1,Sassuolo,Napoli,1X2,D,,4.0,13.430992639889515,LOSS,-13.430992639889515,556.5895011972386,0.6917930841445923,0.23727959697732998
2025-08-23,D1,Freiburg,Augsburg,1X2,A,,4.33,13.216911353505,WIN,44.01231480717165,600.6018160044102,0.6875,0.22010344200803078
2025-08-23,D1,Ein Frankfurt,Werder Bremen,OU2.5,Under,2.5,2.38,2.0604442090499915,LOSS,-2.0604442090499915,598.5413717953602,0.4698978264562503,0.39746835443037976
2025-08-23,SP1,Levante,Barcelona,OU2.5,Under,2.5,3.2,2.6669287188710555,LOSS,-2.6669287188710555,595.8744430764891,0.3890825714237647,0.2982456140350877
2025-08-23,E0,Burnley,Sunderland,1X2,H,,2.2,4.413789551970258,WIN,5.296547462364311,601.1709905388534,0.5555533766746521,0.4317656129529684
2025-08-23,SP1,Mallorca,Celta,OU2.5,Over,2.5,2.38,4.256047647540433,LOSS,-4.256047647540433,596.914942891313,0.5227924607973388,0.39746835443037976
2025-08-23,E0,Brentford,Aston Villa,1X2,H,,3.1,9.112289488075533,WIN,19.13580792495862,616.0507508162716,0.5811116695404053,0.30579150579150577
2025-08-23,F1,Lyon,Metz,OU2.5,Under,2.5,2.5,2.228590167633465,LOSS,-2.228590167633465,613.8221606486381,0.4542631471030731,0.3796526054590571
2025-08-23,D1,Heidenheim,Wolfsburg,1X2,A,,2.2,24.552886425945527,WIN,29.463463711134636,643.2856243597728,1.0,0.4317656129529684
2025-08-24,SP1,Sociedad,Espanol,OU2.5,Over,2.5,2.2,3.052841720105911,WIN,3.6634100641270937,646.9490344238999,0.5192595694630042,0.43152454780361754
2025-08-24,E0,Everton,Brighton,1X2,H,,3.1,8.461088997138031,WIN,17.768286893989867,664.7173213178897,0.5440704822540283,0.30420841683366734
2025-08-24,SP1,Osasuna,Valencia,1X2,D,,3.2,6.700189992551338,LOSS,-6.700189992551338,658.0171313253384,0.4857458472251892,0.2971246006389776
2025-08-24,I1,Atalanta,Pisa,1X2,D,,5.0,12.454091111101034,WIN,49.81636444440414,707.8334957697425,0.578533947467804,0.1891891891891892
2025-08-24,SP1,Oviedo,Real Madrid,AH,Away,1.5,1.95,1.8894095314299262,LOSS,-1.8894095314299262,705.9440862383126,0.5648373541875961,
2025-08-24,E0,Fulham,Man United,1X2,H,,3.25,10.391879314264305,LOSS,-10.391879314264305,695.5522069240483,0.5624709129333496,0.2906808305166586
2025-08-24,I1,Cagliari,Fiorentina,1X2,H,,3.25,21.509911631793763,LOSS,-21.509911631793763,674.0422952922545,0.8429316878318787,0.2916053019145803
2025-08-24,F1,Lille,Monaco,1X2,H,,3.1,25.806640200753584,WIN,54.19394442158253,728.236239713837,0.9709790349006653,0.30579150579150577
2025-08-24,D1,Mainz,FC Koln,1X2,D,,3.7,15.043623579205725,LOSS,-15.043623579205725,713.1926161346313,0.647132158279419,0.25823989126741415
2025-08-24,D1,M'gladbach,Hamburg,OU2.5,Under,2.5,2.5,3.813624823351833,WIN,5.720437235027749,718.913053369659,0.4802088679217044,0.3796526054590571
2025-08-24,F1,Lorient,Rennes,1X2,H,,2.8,7.76997954893554,WIN,13.98596318808397,732.8990165577429,0.530842125415802,0.33938294010889286
2025-08-24,F1,Strasbourg,Nantes,OU2.5,Over,2.5,1.93,4.194947014498269,LOSS,-4.194947014498269,728.7040695432446,0.5870868930519626,0.5
2025-08-25,I1,Udinese,Verona,1X2,D,,3.3,11.75414310197908,WIN,27.03452913455188,755.7385986777965,0.5840868353843689,0.28594420600858367
2025-08-25,E0,Newcastle,Liverpool,1X2,H,,3.25,23.28170947734536,LOSS,-23.28170947734536,732.4568892004512,0.8408828377723694,0.290644529428225
2025-08-25,SP1,Ath Bilbao,Vallecano,1X2,D,,3.5,13.155837333527769,LOSS,-13.155837333527769,719.3010518669234,0.6064507961273193,0.27062228654124454
2025-08-25,SP1,Sevilla,Getafe,1X2,D,,3.0,9.470855891278683,LOSS,-9.470855891278683,709.8301959756448,0.5527791380882263,0.31578947368421056
2025-08-25,I1,Inter,Torino,AH,Home,-1.25,1.93,15.815132378611782,WIN,14.708073112108956,724.5382690877537,0.947576196311341,
2025-08-27,SP1,Celta,Betis,1X2,H,,2.2,2.921195431587815,LOSS,-2.921195431587815,721.617073656166,0.5095245838165283,0.43029595015576316
2025-08-29,D1,Hamburg,St Pauli,1X2,D,,3.3,11.824304319802897,LOSS,-11.824304319802897,709.7927693363631,0.5885412096977234,0.2877697841726619
2025-08-29,SP1,Elche,Levante,OU2.5,Over,2.5,2.3,4.503286999430475,LOSS,-4.503286999430475,705.2894823369327,0.5244332870370467,0.413265306122449
2025-08-29,SP1,Valencia,Getafe,1X2,H,,2.3,18.010361985865817,WIN,23.41347058162556,728.7029529185583,0.7956191897392273,0.4111855061047657
2025-08-29,I1,Cremonese,Sassuolo,OU2.5,Over,2.5,2.1,2.7143307084476387,WIN,2.985763779292403,731.6887166978506,0.5249686604341054,0.4516971279373368
2025-08-29,I1,Lecce,Milan,OU2.5,Over,2.5,2.0,3.159002772999938,LOSS,-3.159002772999938,728.5297139248507,0.5539676692579169,0.4805194805194806
2025-08-30,I1,Bologna,Como,1X2,A,,3.1,12.492271008660106,LOSS,-12.492271008660106,716.0374429161907,0.6129773855209351,0.30625
2025-08-30,F1,Nantes,Auxerre,1X2,H,,2.2,13.239342944701125,WIN,15.887211533641352,731.924654449832,0.7066782116889954,0.43029595015576316
2025-08-30,SP1,Alaves,Ath Madrid,OU2.5,Over,2.5,2.2,5.187066745780818,LOSS,-5.187066745780818,726.7375877040512,0.5511848120551759,0.43152454780361754
2025-08-30,I1,Pisa,Roma,OU2.5,Over,2.5,2.03,3.414850471729363,LOSS,-3.414850471729363,723.3227372323219,0.5522148179686476,0.47409326424870474
2025-08-30,SP1,Girona,Sevilla,1X2,A,,3.0,27.691448076236238,WIN,55.382896152472476,778.7056333847943,0.9713944792747498,0.31654676258992803
2025-08-30,SP1,Oviedo,Sociedad,1X2,D,,3.1,17.81766804061463,LOSS,-17.81766804061463,760.8879653441796,0.7100837230682373,0.306420233463035
2025-08-30,I1,Parma,Atalanta,OU2.5,Over,2.5,1.93,3.8531292572017595,LOSS,-3.8531292572017595,757.0348360869779,0.5791387429554222,0.5
2025-08-30,D1,RB Leipzig,Heidenheim,1X2,D,,5.0,17.020722980212238,LOSS,-17.020722980212238,740.0141131067656,0.6496681571006775,0.1896733403582719
2025-08-30,E0,Chelsea,Fulham,AH,Home,-1.0,1.95,11.425174605682473,WIN,10.853915875398348,750.868028982164,0.8136856237284414,
2025-08-30,D1,Augsburg,Bayern Munich,OU2.5,Under,2.5,3.4,4.182912360035155,LOSS,-4.182912360035155,746.6851166221288,0.39242533578978434,0.28118393234672306
2025-08-30,D1,Werder Bremen,Leverkusen,1X2,H,,3.7,9.947196817003546,LOSS,-9.947196817003546,736.7379198051252,0.513303279876709,0.25569843227056543
2025-08-30,D1,Stuttgart,M'gladbach,OU2.5,Under,2.5,3.0,6.195965272581979,WIN,12.391930545163959,749.1298503502892,0.4734999856805904,0.3181818181818181
2025-08-30,D1,Hoffenheim,Ein Frankfurt,1X2,A,,2.25,21.717206676945313,WIN,27.14650834618164,776.2763586964709,0.8470820784568787,0.4199475065616798
2025-08-30,E0,Leeds,Newcastle,1X2,H,,3.5,11.16398976983569,LOSS,-11.16398976983569,765.1123689266352,0.542526125907898,0.27055702917771884
2025-08-30,E0,Wolves,Everton,1X2,A,,2.75,11.832222268109643,WIN,20.706388969191874,785.818757895827,0.6096654534339905,0.34747637241101953
2025-08-30,E0,Tottenham,Bournemouth,1X2,A,,4.2,20.26361772450349,WIN,64.84357671841117,850.6623346142383,0.7292691469192505,0.2258485639686684
2025-08-31,I1,Torino,Fiorentina,OU2.5,Over,2.5,2.3,6.507153104029392,LOSS,-6.507153104029392,844.1551815102089,0.5428735618452758,0.413265306122449
2025-08-31,I1,Genoa,Juventus,OU2.5,Over,2.5,2.3,8.226496069865775,LOSS,-8.226496069865775,835.9286854403431,0.5724871075256689,0.413265306122449
2025-08-31,D1,Dortmund,Union Berlin,OU2.5,Under,2.5,2.63,3.763443792015936,LOSS,-3.763443792015936,832.1652416483272,0.44998518109363456,0.36319612590799033
2025-08-31,E0,Nott'm Forest,West Ham,1X2,A,,5.25,33.286609665933085,WIN,141.4680910802156,973.6333327285428,1.0,0.1803845322963923
2025-08-31,E0,Liverpool,Arsenal,1X2,D,,3.5,16.32278627267037,LOSS,-16.32278627267037,957.3105464558724,0.5850860476493835,0.27139552814186585
2025-08-31,I1,Inter,Udinese,AH,Home,-1.5,1.93,23.167831006657394,WIN,21.546082836191374,978.8566292920639,0.9845987493597935,
2025-08-31,F1,Angers,Rennes,1X2,H,,3.4,39.15426517168255,LOSS,-39.15426517168255,939.7023641203813,1.0,0.2785145888594165
2025-08-31,F1,Monaco,Strasbourg,AH,Home,-1.0,1.9,5.067179770345824,WIN,4.560461793311241,944.2628259136925,0.6284861421622381,
2025-08-31,F1,Lyon,Marseille,1X2,H,,2.63,37.7705130365477,WIN,61.565936249572744,1005.8287621632652,1.0,0.35938186319530413
2025-08-31,D1,FC Koln,Freiburg,1X2,A,,2.8,7.823407825221883,LOSS,-7.823407825221883,998.0053543380433,0.48214757442474365,0.33938294010889286
2025-08-31,I1,Lazio,Verona,OU2.5,Over,2.5,1.93,5.277892657138979,WIN,4.90844017113925,1002.9137945091825,0.5818426209564772,0.5
2025-08-31,SP1,Espanol,Osasuna,1X2,H,,2.38,9.054964513576195,WIN,12.495851028735148,1015.4096455379176,0.5510456562042236,0.3981697037810067
2025-08-31,SP1,Betis,Ath Bilbao,1X2,D,,3.1,17.5474464194867,LOSS,-17.5474464194867,997.8621991184309,0.6152452826499939,0.30778515389257693
2025-08-31,SP1,Celta,Villarreal,1X2,D,,3.5,17.045420959886354,WIN,42.613552399715886,1040.4757515181468,0.5907489061355591,0.2722772277227723
2025-09-12,D1,Leverkusen,Ein Frankfurt,OU2.5,Under,2.5,2.75,7.470126256352276,LOSS,-7.470126256352276,1033.0056252617944,0.4778561496729848,0.3436754176610979
2025-09-12,SP1,Sevilla,Elche,OU2.5,Over,2.5,2.2,5.906552502348323,WIN,7.087863002817989,1040.0934882646125,0.532515889352025,0.43152454780361754
2025-09-12,F1,Marseille,Lorient,OU2.5,Under,2.5,2.63,4.942865684384868,LOSS,-4.942865684384868,1035.1506225802275,0.45386212048354424,0.36319612590799033
2025-09-13,F1,Nice,Nantes,AH,Home,-0.75,1.9,16.577306004259434,WIN,14.91957540383349,1050.070197984061,0.8297463409699597,
2025-09-13,E0,Fulham,Leeds,AH,Home,-0.5,1.95,7.531742034949962,WIN,7.155154933202464,1057.2253529172635,0.6525944147634306,
2025-09-13,E0,Crystal Palace,Sunderland,1X2,D,,3.75,21.15644747231661,WIN,58.18023054887068,1115.4055834661342,0.6335403919219971,0.2547834843907351
2025-09-13,D1,Freiburg,Stuttgart,1X2,A,,2.35,13.102312000312608,LOSS,-13.102312000312608,1102.3032714658216,0.5942342281341553,0.40598872253548507
2025-09-13,D1,Union Berlin,Hoffenheim,1X2,A,,2.7,18.144454081999314,WIN,30.845571939398837,1133.1488434052203,0.629470705986023,0.353035143769968
2025-09-13,D1,Bayern Munich,Hamburg,OU2.5,Under,2.5,4.33,6.055347257044666,LOSS,-6.055347257044666,1127.0934961481757,0.33368898256848817,0.2198198198198198
2025-09-13,F1,Auxerre,Monaco,1X2,D,,4.33,23.10806877149717,LOSS,-23.10806877149717,1103.9854273766787,0.6251318454742432,0.2187107004210181
2025-09-13,I1,Fiorentina,Napoli,1X2,D,,3.1,17.059648867437645,LOSS,-17.059648867437645,1086.9257785092411,0.5842810273170471,0.306420233463035
2025-09-13,I1,Juventus,Inter,1X2,D,,3.0,30.530417174765326,LOSS,-30.530417174765326,1056.3953613344759,0.8014796376228333,0.3142857142857143
2025-09-13,I1,Cagliari,Parma,1X2,D,,3.2,19.09689930891669,LOSS,-19.09689930891669,1037.2984620255593,0.6232056021690369,0.2960979342004591
2025-09-13,D1,Mainz,RB Leipzig,1X2,H,,2.55,25.745218791427188,LOSS,-25.745218791427188,1011.5532432341321,0.769315779209137,0.3734248358279596
2025-09-13,SP1,Ath Bilbao,Alaves,1X2,D,,3.9,11.261019644153455,LOSS,-11.261019644153455,1000.2922235899787,0.6703073382377625,0.24296844051234656
2025-09-13,E0,Everton,Aston Villa,1X2,D,,3.3,7.908067002043925,WIN,18.188554104701026,1018.4807776946797,0.578533947467804,0.28695476575121165
2025-09-13,SP1,Getafe,Oviedo,OU2.5,Over,2.5,2.75,5.0011272698657425,LOSS,-5.0011272698657425,1013.4796504248139,0.5198757156726752,0.3436754176610979
2025-09-14,F1,Paris SG,Lens,1X2,D,,5.75,7.6514027594166425,LOSS,-7.6514027594166425,1005.8282476653973,0.4857458472251892,0.16420428824231448
2025-09-14,F1,Rennes,Lyon,1X2,H,,2.63,19.297026565647126,WIN,31.454153302004812,1037.282400967402,0.974750816822052,0.36206590546056916
2025-09-14,SP1,Osasuna,Vallecano,1X2,D,,3.2,13.457799420418596,LOSS,-13.457799420418596,1023.8246015469834,0.5354922413825989,0.29776525065431847
2025-09-14,SP1,Celta,Girona,AH,Home,-0.75,1.9,17.44081004830691,WIN,15.69672904347622,1039.5213305904597,0.8490834325324187,
2025-09-14,F1,Lille,Toulouse,1X2,D,,3.8,25.85384301134669,LOSS,-25.85384301134669,1013.667487579113,0.7213062644004822,0.24901185770750991
2025-09-14,F1,Brest,Paris FC,1X2,D,,3.5,5.596794399891273,LOSS,-5.596794399891273,1008.0706931792217,0.48290470242500305,0.2714007782101167
2025-09-14,F1,Metz,Angers,OU2.5,Over,2.5,2.1,1.8664029442870427,LOSS,-1.8664029442870427,1006.2042902349347,0.5246811050768512,0.4516971279373368
2025-09-14,F1,Strasbourg,Le Havre,1X2,A,,5.5,8.53188572330115,LOSS,-8.53188572330115,997.6724045116335,0.5286977291107178,0.17330837122225196
2025-09-14,I1,Milan,Bologna,AH,Home,-0.5,1.93,3.9531897067570227,WIN,3.676466427284031,1001.3488709389176,0.6708826411779255,
2025-09-14,SP1,Barcelona,Valencia,AH,Home,-2.0,1.93,11.963888995178891,WIN,11.126416765516367,1012.475287704434,0.9787120780106768,
2025-09-14,D1,M'gladbach,Werder Bremen,1X2,A,,3.4,20.24950575408868,WIN,48.59881380981283,1061.0741015142469,1.0,0.276595744680851
2025-09-14,I1,Pisa,Udinese,1X2,D,,3.1,21.3122796053156,LOSS,-21.3122796053156,1039.7618219089313,0.6627395153045654,0.30726256983240224
2025-09-14,I1,Atalanta,Lecce,AH,Home,-1.25,1.9,23.063697332081933,WIN,20.757327598873736,1060.519149507805,0.9466008598567357,
2025-09-14,I1,Roma,Torino,1X2,D,,4.1,15.878488012013284,LOSS,-15.878488012013284,1044.6406614957916,0.5269168019294739,0.23153252480705624
2025-09-15,I1,Verona,Cremonese,1X2,D,,3.1,11.055745299478728,WIN,23.21706512890533,1067.8577266246969,0.5018139481544495,0.3056915790318696
2025-09-15,I1,Como,Genoa,OU2.5,Over,2.5,2.1,4.653783077053226,LOSS,-4.653783077053226,1063.2039435476436,0.5332602486125286,0.4516971279373368
2025-09-15,SP1,Espanol,Mallorca,OU2.5,Over,2.5,2.3,7.088039994900093,WIN,9.214451993370119,1072.4183955410138,0.5289856893861347,0.413265306122449
2025-09-19,I1,Lecce,Cagliari,1X2,A,,2.75,10.611299627138969,WIN,18.569774347493194,1090.988169888507,0.5210526585578918,0.344454984121747
2025-09-19,SP1,Betis,Sociedad,AH,Home,-0.5,1.93,18.353018164426413,WIN,17.068306892916564,1108.0564767814235,0.8423795628445524,
2025-09-20,D1,Hamburg,Heidenheim,1X2,D,,3.6,18.859287810446382,LOSS,-18.859287810446382,1089.197188970977,0.5850860476493835,0.2642238998342846
2025-09-20,E0,Man United,Chelsea,1X2,H,,2.6,12.56146758770667,WIN,20.09834814033067,1109.2955371113078,0.5620427131652832,0.3642410015649452
2025-09-20,E0,Wolves,Leeds,1X2,D,,3.2,17.54097342105174,LOSS,-17.54097342105174,1091.754563690256,0.5842810273170471,0.2986125075407199
2025-09-20,E0,West Ham,Crystal Palace,1X2,A,,2.38,43.67018254761024,WIN,60.264851915702124,1152.019415605958,1.0,0.39898038346447967
2025-09-20,I1,Bologna,Genoa,1X2,D,,3.2,20.51032614036371,LOSS,-20.51032614036371,1131.5090894655943,0.6185028553009033,0.2977823236784602
2025-09-20,D1,Hoffenheim,Bayern Munich,OU2.5,Under,2.5,3.75,4.050601968419528,LOSS,-4.050601968419528,1127.4584874971747,0.33229675022416105,0.25595238095238093
2025-09-20,E0,Brighton,Tottenham,1X2,A,,3.0,23.982657269127305,LOSS,-23.982657269127305,1103.4758302280475,0.6878572106361389,0.3180515759312321
2025-09-20,E0,Liverpool,Everton,1X2,D,,4.75,23.049471382215245,LOSS,-23.049471382215245,1080.4263588458323,0.6227906942367554,0.1997350993377483
2025-09-20,I1,Udinese,Milan,OU2.5,Over,2.5,2.1,5.066878748710623,WIN,5.573566623581686,1085.999925469414,0.5376032537211431,0.4516971279373368
2025-09-20,F1,Nantes,Rennes,1X2,H,,3.5,41.14271748760034,LOSS,-41.14271748760034,1044.8572079818136,0.9622257351875305,0.27055702917771884
2025-09-20,D1,Werder Bremen,Freiburg,1X2,A,,2.8,25.56242588470378,WIN,46.012366592466805,1090.8695745742805,0.7503302693367004,0.33849557522123896
2025-09-20,I1,Verona,Juventus,1X2,D,,3.9,22.560272867341165,WIN,65.42479131528938,1156.29436588957,0.6408647298812866,0.2429467084639499
2025-09-20,F1,Brest,Nice,1X2,H,,2.63,46.2517746355828,WIN,75.39039265599996,1231.6847585455698,1.0,0.3619297617627173
2025-09-20,SP1,Villarreal,Osasuna,AH,Home,-1.0,1.95,18.30721026380845,WIN,17.391849750618025,1249.076608296188,0.8024692154168197,
2025-09-20,D1,Augsburg,Mainz,1X2,A,,2.6,47.56090845606981,WIN,76.0974535297117,1325.1740618258996,0.9704131484031677,0.36661341853035145
2025-09-20,D1,RB Leipzig,FC Koln,OU2.5,Under,2.5,2.5,6.985125959542823,LOSS,-6.985125959542823,1318.1889358663568,0.4790665108919917,0.3796526054590571
2025-09-20,SP1,Valencia,Ath Bilbao,1X2,D,,3.0,16.692043724286794,LOSS,-16.692043724286794,1301.49689214207,0.5443810224533081,0.31481481481481477
2025-09-20,SP1,Alaves,Sevilla,1X2,D,,3.1,27.43695032800257,LOSS,-27.43695032800257,1274.0599418140675,0.6795988082885742,0.3064202334630351
2025-09-20,SP1,Girona,Levante,1X2,A,,4.0,29.722800143270604,WIN,89.16840042981181,1363.2283422438793,0.687422513961792,0.23779222575736617
2025-09-21,D1,Ein Frankfurt,Union Berlin,AH,Home,-1.0,1.93,23.75068963209313,PUSH,0.0,1363.2283422438793,0.8539444241774018,
2025-09-21,D1,Leverkusen,M'gladbach,AH,Home,-1.0,1.93,27.030355104701187,WIN,25.138230247372103,1388.3665724912514,0.9003154359472041,
2025-09-21,D1,Dortmund,Wolfsburg,OU2.5,Under,2.5,2.75,6.840036970474127,WIN,11.970064698329722,1400.336637189581,0.44201535384033686,0.3436754176610979
2025-09-21,F1,Monaco,Metz,AH,Home,-1.75,1.93,31.447704386108153,WIN,29.24636507908058,1429.5830022686616,0.9509894053439611,
2025-09-21,I1,Fiorentina,Como,1X2,D,,3.2,15.852594860154117,LOSS,-15.852594860154117,1413.7304074085075,0.50309157371521,0.29641693811074915
2025-09-21,SP1,Elche,Oviedo,AH,Home,-0.5,1.95,15.385124735762654,WIN,14.615868498974521,1428.346275907482,0.7248925497430508,
2025-09-21,I1,Torino,Atalanta,1X2,A,,2.2,57.13385103629928,WIN,68.56062124355915,1496.9068971510412,1.0,0.43029595015576316
2025-09-21,I1,Cremonese,Parma,1X2,D,,3.2,30.88934563842095,WIN,67.95656040452609,1564.8634575555673,0.6671717762947083,0.29708737864077667
2025-09-21,I1,Lazio,Roma,1X2,D,,3.1,27.872309468537892,LOSS,-27.872309468537892,1536.9911480870294,0.6242242455482483,0.3043352481712609
2025-09-21,SP1,Mallorca,Ath Madrid,OU2.5,Over,2.5,2.2,14.447904370880348,LOSS,-14.447904370880348,1522.543243716149,0.5827289369486832,0.43152454780361754
2025-09-21,E0,Sunderland,Aston Villa,OU2.5,Over,2.5,2.2,7.347947868394935,LOSS,-7.347947868394935,1515.195295847754,0.5203559262860895,0.43152454780361754
2025-09-21,E0,Bournemouth,Newcastle,1X2,D,,3.5,21.19389347236543,WIN,52.98473368091358,1568.1800295286678,0.5354922413825989,0.2705410821643286
2025-09-22,F1,Marseille,Paris SG,1X2,H,,3.7,49.80246530112066,WIN,134.4666563130258,1702.6466858416936,0.8496415615081787,0.2597532510836945
2025-09-23,SP1,Espanol,Valencia,1X2,H,,2.25,68.10586743366774,LOSS,-68.10586743366774,1634.5408184080259,1.0,0.41883568448241604
2025-09-23,SP1,Ath Bilbao,Girona,1X2,D,,4.33,33.434772629170766,WIN,111.33779285513866,1745.8786112631644,0.6242242455482483,0.2171657199097104
2025-09-23,SP1,Sevilla,Villarreal,1X2,D,,3.4,19.878028784161245,LOSS,-19.878028784161245,1726.0005824790032,0.49504154920578003,0.27971753628874063
2025-09-24,SP1,Getafe,Alaves,OU2.5,Over,2.5,3.4,22.04908280708522,LOSS,-22.04908280708522,1703.951499671918,0.5195529483277542,0.28118393234672306
2025-09-25,SP1,Osasuna,Elche,OU2.5,Over,2.5,2.3,10.23225378928418,LOSS,-10.23225378928418,1693.719245882634,0.519636077163751,0.413265306122449
2025-09-26,SP1,Girona,Espanol,1X2,A,,2.88,53.944803219164676,LOSS,-53.944803219164676,1639.7744426634692,0.8669950366020203,0.3280584297017651
2025-09-26,D1,Bayern Munich,Werder Bremen,OU2.5,Under,2.5,4.5,11.154291977403767,LOSS,-11.154291977403767,1628.6201506860655,0.35448981039090305,0.21052631578947367
2025-09-27,E0,Man City,Burnley,OU2.5,Under,2.5,2.75,6.599371846281001,LOSS,-6.599371846281001,1622.0207788397845,0.4281019829529071,0.3436754176610979
2025-09-27,E0,Nott'm Forest,Sunderland,1X2,D,,3.75,28.036686078975865,LOSS,-28.036686078975865,1593.9840927608086,0.583558976650238,0.251497005988024
2025-09-27,SP1,Mallorca,Alaves,1X2,D,,3.0,17.903195128778197,LOSS,-17.903195128778197,1576.0808976320304,0.5205287933349609,0.3165610142630745
2025-09-27,I1,Cagliari,Inter,1X2,D,,4.2,20.256574815207806,LOSS,-20.256574815207806,1555.8243228168226,0.48290470242500305,0.22496691662990734
2025-09-27,E0,Brentford,Man United,1X2,H,,3.4,31.116486456336453,WIN,74.67956749520748,1630.50389031203,1.0,0.2781844802342606
2025-09-27,D1,Heidenheim,Augsburg,1X2,H,,2.7,27.025491085142864,WIN,45.94333484474287,1676.447225156773,0.6312720775604248,0.3507014028056112
2025-09-27,F1,Lorient,Monaco,1X2,D,,4.1,31.156826798413434,LOSS,-31.156826798413434,1645.2903983583594,0.5952048897743225,0.23212872592983383
2025-09-27,SP1,Ath Madrid,Real Madrid,1X2,D,,3.6,31.82693151052577,LOSS,-31.82693151052577,1613.4634668478336,0.6270492076873779,0.26558891454965355
2025-09-27,D1,M'gladbach,Ein Frankfurt,1X2,A,,2.2,40.98928676745206,WIN,49.18714412094248,1662.6506109687762,0.8009709119796753,0.43088803088803085
2025-09-27,D1,Wolfsburg,RB Leipzig,1X2,H,,2.55,40.26185699874828,LOSS,-40.26185699874828,1622.388753970028,0.7601369619369507,0.3718712753277712
2025-09-27,SP1,Getafe,Levante,1X2,D,,3.1,32.58660512379356,WIN,68.43187075996649,1690.8206247299943,0.6627395153045654,0.3059701492537313
2025-09-27,F1,Paris SG,Auxerre,AH,Home,-2.25,1.93,41.58015706023176,WIN,38.669546066015535,1729.4901707960098,0.9921302160991367,
2025-09-27,F1,Toulouse,Nantes,AH,Home,-0.75,1.93,19.034810028461763,WIN,17.702373326469438,1747.1925441224791,0.7302715473403889,
2025-09-27,D1,St Pauli,Leverkusen,1X2,D,,3.6,29.520587495857356,LOSS,-29.520587495857356,1717.6719566266217,0.5828446745872498,0.2633204633204633
2025-09-28,SP1,Vallecano,Sevilla,1X2,A,,4.0,22.48851697922273,WIN,67.46555093766818,1785.13750756429,0.49548324942588806,0.23741007194244607
2025-09-28,D1,FC Koln,Stuttgart,1X2,A,,2.35,16.845445175249797,WIN,22.74135098658723,1807.878858550877,0.5610560774803162,0.40293767368003175
2025-09-28,I1,Roma,Verona,OU2.5,Over,2.5,2.1,25.759498538295894,LOSS,-25.759498538295894,1782.1193600125812,0.6627775171182682,0.4516971279373368
2025-09-28,SP1,Barcelona,Sociedad,AH,Home,-1.75,1.9,43.81145401467003,WIN,39.430308613203024,1821.5496686257843,0.9921161050440723,
2025-09-28,I1,Milan,Napoli,1X2,D,,3.1,33.035664823085035,LOSS,-33.035664823085035,1788.5140038026993,0.6297229528427124,0.3041456016177958
2025-09-28,SP1,Elche,Celta,OU2.5,Over,2.5,2.3,11.311231074533923,WIN,14.704600396894099,1803.2186041995935,0.5241487599641834,0.413265306122449
2025-09-28,F1,Rennes,Lens,1X2,H,,2.5,47.55919220774291,LOSS,-47.55919220774291,1755.6594119918507,0.7956191897392273,0.37815975733063706
2025-09-28,F1,Angers,Brest,1X2,H,,3.1,56.41373165924348,LOSS,-56.41373165924348,1699.2456803326072,0.8667601346969604,0.30709067810068286
2025-09-28,I1,Lecce,Bologna,1X2,H,,4.2,32.70547515914219,LOSS,-32.70547515914219,1666.540205173465,0.604705810546875,0.22478070175438597
2025-09-28,E0,Aston Villa,Fulham,1X2,D,,3.1,25.187143880309367,LOSS,-25.187143880309367,1641.3530612931556,0.578533947467804,0.3067869752844252
2025-09-28,E0,Newcastle,Arsenal,OU2.5,Over,2.5,2.1,6.330609601884358,WIN,6.963670562072795,1648.3167318552285,0.5266980982126156,0.4516971279373368
2025-09-28,F1,Metz,Le Havre,1X2,D,,3.2,29.89499867125093,WIN,65.76899707675206,1714.0857289319806,0.6242242455482483,0.2967032967032967
2025-09-28,F1,Lille,Lyon,1X2,D,,3.4,36.41631896180213,LOSS,-36.41631896180213,1677.6694099701785,0.6690352559089661,0.27982899339292655
2025-09-28,I1,Pisa,Fiorentina,OU2.5,Over,2.5,2.2,8.582390615293082,LOSS,-8.582390615293082,1669.0870193548856,0.5243044896711718,0.43152454780361754
2025-09-28,I1,Sassuolo,Udinese,1X2,D,,3.2,39.11396550788,LOSS,-39.11396550788,1629.9730538470055,0.7152778506278992,0.2975303802430419
2025-09-28,D1,Freiburg,Hoffenheim,1X2,A,,3.1,21.578643960297132,LOSS,-21.578643960297132,1608.3944098867084,0.7709865570068359,0.3039936419630439
2025-09-29,I1,Parma,Torino,1X2,H,,2.3,6.821360056079295,WIN,8.867768072903083,1617.2621779596116,0.5546397566795349,0.41349548842683403
2025-09-29,I1,Genoa,Lazio,1X2,A,,2.6,13.383180714482892,WIN,21.413089143172627,1638.6752671027841,0.6392371654510498,0.3658536585365854
2025-09-29,E0,Everton,West Ham,AH,Home,-0.75,1.9,13.0351223230795,WIN,11.731610090771548,1650.4068771935556,0.8277559466874357,
2025-09-30,SP1,Valencia,Oviedo,AH,Home,-0.75,1.95,19.401034255971908,LOSS,-9.700517127985954,1640.7063600655697,0.741898228144831,
2025-10-03,SP1,Osasuna,Getafe,OU2.5,Over,2.5,3.4,21.938569162362715,WIN,52.652565989670514,1693.3589260552403,0.5300838320724606,0.28118393234672306
2025-10-03,I1,Verona,Sassuolo,1X2,D,,3.1,17.92132517631374,LOSS,-17.92132517631374,1675.4376008789266,0.5018139481544495,0.3054989816700611
2025-10-03,D1,Hoffenheim,FC Koln,1X2,A,,3.75,36.155125504888495,WIN,99.42659513844336,1774.86419601737,0.6622910499572754,0.25145439342454057
2025-10-04,D1,Dortmund,RB Leipzig,OU2.5,Under,2.5,3.2,16.13442146567987,WIN,35.49572722449572,1810.3599232418658,0.46874314782146786,0.2982456140350877
2025-10-04,E0,Chelsea,Liverpool,OU2.5,Under,2.5,2.5,7.035910061756574,LOSS,-7.035910061756574,1803.3240131801092,0.4582970543986399,0.3796526054590571
2025-10-04,D1,Ein Frankfurt,Bayern Munich,OU2.5,Under,2.5,3.75,16.535169734014076,LOSS,-16.535169734014076,1786.7888434460951,0.43477000042216724,0.25595238095238093
2025-10-04,D1,Werder Bremen,St Pauli,1X2,A,,2.88,15.670869018323026,LOSS,-15.670869018323026,1771.1179744277722,0.4903504252433777,0.33289942187679467
2025-10-04,D1,Leverkusen,Union Berlin,1X2,D,,4.0,32.18701399590883,LOSS,-32.18701399590883,1738.9309604318635,0.5907489061355591,0.23837638376383766
2025-10-04,SP1,Girona,Valencia,1X2,H,,2.45,33.73137946012637,WIN,48.91050021718324,1787.8414606490467,0.695171058177948,0.3883495145631068
2025-10-04,I1,Atalanta,Como,1X2,D,,3.4,35.57336034392412,WIN,85.37606482541788,1873.2175254744645,0.6452478766441345,0.27842679127725856
2025-10-04,SP1,Real Madrid,Villarreal,AH,Home,-1.25,1.93,30.510911857968136,WIN,28.375148027910363,1901.592673502375,0.832079017538993,
2025-10-04,SP1,Ath Bilbao,Mallorca,AH,Home,-1.0,1.95,35.55134464033009,WIN,33.773777408313585,1935.3664509106886,0.8771442944959494,
2025-10-04,SP1,Oviedo,Levante,OU2.5,Over,2.5,2.2,9.367883706117825,LOSS,-9.367883706117825,1925.9985672045707,0.5205504577114847,0.43152454780361754
2025-10-04,I1,Lazio,Torino,AH,Home,-0.75,1.95,30.583376294798427,WIN,29.054207480058505,1955.0527746846292,0.8222619388573499,
2025-10-04,I1,Parma,Lecce,1X2,D,,3.7,28.476644321529452,LOSS,-28.476644321529452,1926.5761303630998,0.5359952449798584,0.25625
2025-10-05,F1,Lyon,Toulouse,AH,Home,-0.5,1.93,33.11604858609213,LOSS,-33.11604858609213,1893.4600817770076,0.8494473257794868,
2025-10-05,F1,Monaco,Nice,AH,Home,-0.5,1.9,20.7429770073085,WIN,18.668679306577648,1912.1287610835852,0.7338854294621042,
2025-10-05,D1,Hamburg,Mainz,1X2,A,,2.4,10.279370536586857,LOSS,-10.279370536586857,1901.8493905469984,0.4950648844242096,0.39325842696629215
2025-10-05,E0,Aston Villa,Burnley,1X2,D,,4.0,33.309896982419176,LOSS,-33.309896982419176,1868.5394935645793,0.5783964395523071,0.2383419689119171
2025-10-05,SP1,Sevilla,Barcelona,1X2,D,,5.25,36.292482151385364,LOSS,-36.292482151385364,1832.2470114131938,0.583558976650238,0.18070983473313462
2025-10-05,SP1,Espanol,Betis,1X2,H,,2.63,20.6156325268932,LOSS,-20.6156325268932,1811.6313788863006,0.5545631051063538,0.3605514316012725
2025-10-05,SP1,Alaves,Elche,OU2.5,Over,2.5,2.63,17.22823245286516,WIN,28.08201889817021,1839.7133977844708,0.5275756305552632,0.36319612590799033
2025-10-05,F1,Strasbourg,Angers,OU2.5,Over,2.5,2.03,16.072100539797034,WIN,16.554263555990943,1856.2676613404617,0.6034271423492015,0.47409326424870474
2025-10-05,E0,Brentford,Man City,OU2.5,Under,2.5,2.38,6.076637531069471,WIN,8.38575979287587,1864.6534211333376,0.46762119801430724,0.39746835443037976
2025-10-05,F1,Lille,Paris SG,1X2,D,,3.9,24.73973090059641,WIN,71.74521961172958,1936.3986407450673,0.5030540823936462,0.24418604651162792
2025-10-05,E0,Newcastle,Nott'm Forest,1X2,D,,4.2,43.516896406930414,LOSS,-43.516896406930414,1892.8817443381367,0.6661544442176819,0.22528633671632445
2025-10-05,I1,Fiorentina,Roma,1X2,D,,3.3,38.37833762047581,LOSS,-38.37833762047581,1854.503406717661,0.6563082933425903,0.2877697841726619
2025-10-05,D1,Stuttgart,Heidenheim,AH,Home,-1.25,1.93,38.654535135966995,WIN,35.948717676449306,1890.4521243941103,0.9198870875772416,
2025-10-05,I1,Juventus,Milan,1X2,D,,3.2,18.742803299263606,WIN,41.234167258379934,1931.6862916524904,0.48290470242500305,0.2967032967032967
2025-10-05,I1,Napoli,Genoa,OU2.5,Over,2.5,2.2,33.26574074764319,WIN,39.91888889717184,1971.6051805496622,0.6893784807092435,0.43152454780361754
2025-10-05,D1,M'gladbach,Freiburg,1X2,A,,3.0,60.774581243188194,LOSS,-60.774581243188194,1910.8305993064741,0.8470820784568787,0.3157894736842105
2025-10-05,I1,Bologna,Pisa,1X2,D,,3.9,42.70112791425979,LOSS,-42.70112791425979,1868.1294713922143,0.6718332767486572,0.24296844051234656
2025-10-05,I1,Udinese,Cagliari,1X2,D,,3.2,18.521486351358167,WIN,40.74726997298797,1908.8767413652024,0.48290470242500305,0.2960979342004591
2025-10-05,E0,Everton,Crystal Palace,1X2,H,,2.45,15.827258363182855,WIN,22.949524626615144,1931.8262659918175,0.530842125415802,0.38902743142144636
2025-10-05,F1,Le Havre,Rennes,1X2,H,,3.1,67.68019921668547,LOSS,-67.68019921668547,1864.146066775132,0.915903627872467,0.3068856351404828
2025-10-05,SP1,Celta,Ath Madrid,1X2,D,,3.8,32.42346833185064,WIN,90.7857113291818,1954.931778104314,0.583558976650238,0.24901185770750986
